Rk,Player,WS,Season,Age,Team,G,GS,AS,MP,FG,FGA,2P,2PA,3P,3PA,FT,FTA,ORB,DRB,TRB,AST,STL,BLK,TOV,PF,PTS,FG%,2P%,3P%,FT%,TS%,eFG%,Pos,Player-additional
1,Dirk Nowitzki,14.6,2000-01,22,DAL,82,82,0,3125,591,1247,440,857,151,390,451,538,119,635,754,173,79,101,156,245,1784,.474,.513,.387,.838,.601,.534,F-C,nowitdi01
2,Arvydas Sabonis,3.7,2000-01,36,POR,61,42,0,1299,247,516,246,501,1,15,121,156,51,280,331,91,40,62,85,137,616,.479,.491,.067,.776,.527,.480,C,sabonar01
3,Vlade Divac,7.4,2000-01,32,SAC,81,81,1,2420,364,755,360,741,4,14,242,350,207,466,673,231,87,93,192,242,974,.482,.486,.286,.691,.536,.485,C,divacvl01
4,Shawn Bradley,6.3,2000-01,28,DAL,82,35,0,2001,219,447,218,441,1,6,140,178,160,448,608,38,36,228,88,256,579,.490,.494,.167,.787,.551,.491,C,bradlsh01
5,Kevin Willis,3.1,2000-01,38,DENTOR,78,22,0,1830,304,690,303,684,1,6,113,147,177,355,532,50,57,52,87,216,722,.441,.443,.167,.769,.478,.441,F-C,willike02
6,Bryant Reeves,2.9,2000-01,27,VAN,75,48,0,1832,254,552,253,548,1,4,113,142,132,320,452,80,43,54,90,243,622,.460,.462,.250,.796,.506,.461,C,reevebr01
7,Vladimir Stepania,0.2,2000-01,24,NJN,29,0,0,280,28,88,27,84,1,4,25,34,35,74,109,16,10,11,19,47,82,.318,.321,.250,.735,.398,.324,C,stepavl01
8,Bruno Sundov,0.2,2000-01,20,IND,11,4,0,120,20,41,20,37,0,4,3,5,4,19,23,2,2,4,3,21,43,.488,.541,.000,.600,.498,.488,C,sundobr01
9,Shaquille O'Neal,14.9,2000-01,28,LAL,74,74,1,2924,813,1422,813,1420,0,2,499,972,291,649,940,277,47,204,218,256,2125,.572,.573,.000,.513,.574,.572,C,onealsh01
10,Patrick Ewing,2.0,2000-01,38,SEA,79,79,0,2107,294,684,294,682,0,2,172,251,124,461,585,92,53,91,151,229,760,.430,.431,.000,.685,.478,.430,C-F,ewingpa01
11,Greg Ostertag,3.8,2000-01,27,UTA,81,3,0,1491,139,281,138,279,1,2,84,151,164,251,415,22,22,142,63,215,363,.495,.495,.500,.556,.522,.496,C,ostergr01
12,Zydrunas Ilgauskas,0.7,2000-01,25,CLE,24,24,0,616,114,234,114,232,0,2,53,78,65,95,160,18,15,37,60,78,281,.487,.491,.000,.679,.524,.487,C,ilgauzy01
13,Matt Geiger,0.7,2000-01,31,PHI,35,4,0,542,88,224,88,222,0,2,37,54,50,89,139,14,12,8,25,73,213,.393,.396,.000,.685,.430,.393,C,geigema01
14,Wang Zhizhi,0.1,2000-01,23,DAL,5,0,0,38,8,19,8,17,0,2,8,10,1,6,7,0,0,0,1,8,24,.421,.471,.000,.800,.513,.421,C,zhizhwa01
15,David Robinson,12.1,2000-01,35,SAS,80,80,1,2371,400,823,400,822,0,1,351,470,208,483,691,116,80,197,122,212,1151,.486,.487,.000,.747,.559,.486,C,robinda01
16,Hakeem Olajuwon,5.0,2000-01,38,HOU,58,55,0,1545,283,568,283,567,0,1,123,198,124,307,431,72,70,88,81,141,689,.498,.499,.000,.621,.526,.498,C,olajuha01
17,Mikki Moore,2.8,2000-01,25,DET,81,2,0,1154,132,268,132,267,0,1,95,130,121,195,316,33,24,61,74,202,359,.493,.494,.000,.731,.552,.493,C-F,mooremi01
18,Chris Mihm,1.3,2000-01,21,CLE,59,43,0,1166,173,391,173,390,0,1,100,126,106,174,280,16,20,53,80,156,446,.442,.444,.000,.794,.500,.442,C-F,mihmch01
19,Olden Polynice,2.0,2000-01,36,UTA,81,79,0,1619,206,415,206,414,0,1,17,65,157,221,378,31,27,77,78,241,429,.496,.498,.000,.262,.484,.496,C-F,polynol01
20,Rasho Nesterovic,1.5,2000-01,24,MIN,73,39,0,1233,147,319,147,318,0,1,34,65,99,187,286,45,25,63,55,189,328,.461,.462,.000,.523,.472,.461,C,nestera01
21,Dalibor Bagaric,-0.7,2000-01,20,CHI,35,0,0,259,17,65,17,64,0,1,13,28,22,34,56,10,9,16,21,44,47,.262,.266,.000,.464,.304,.262,C,bagarda01
22,Jason Collier,0.0,2000-01,23,HOU,23,0,0,222,27,71,27,70,0,1,17,24,12,25,37,6,2,3,11,27,71,.380,.386,.000,.708,.435,.380,C,collija02
23,Travis Knight,-0.3,2000-01,26,NYK,45,0,0,256,10,53,10,52,0,1,9,18,19,34,53,5,5,11,10,47,29,.189,.192,.000,.500,.238,.189,C,knightr01
24,Dikembe Mutombo,8.1,2000-01,34,ATLPHI,75,75,1,2591,269,556,269,556,0,0,211,291,307,708,1015,76,29,203,144,204,749,.484,.484,,.725,.547,.484,C,mutomdi01
25,Michael Olowokandi,-0.4,2000-01,25,LAC,82,82,0,2127,308,708,308,708,0,0,85,156,168,357,525,46,30,108,169,250,701,.435,.435,,.545,.451,.435,C,olowomi01
26,Jake Tsakalidis,1.3,2000-01,21,PHO,57,39,0,947,101,215,101,215,0,0,54,91,83,159,242,19,10,55,66,137,256,.470,.470,,.593,.502,.470,C,tsakaja01
27,Todd MacCulloch,2.5,2000-01,25,PHI,63,3,0,597,109,185,109,185,0,0,42,66,69,99,168,10,7,19,27,96,260,.589,.589,,.636,.607,.589,C,maccuto01
28,Mark Blount,1.9,2000-01,25,BOS,64,50,0,1098,101,200,101,200,0,0,46,66,97,134,231,32,39,76,62,183,248,.505,.505,,.697,.541,.505,C,blounma01
29,Daniel Santiago,0.6,2000-01,24,PHO,54,2,0,581,64,134,64,134,0,0,42,61,35,67,102,11,17,21,47,101,170,.478,.478,,.689,.528,.478,C,santida01
30,Zan Tabak,0.9,2000-01,30,IND,55,14,0,777,98,186,98,186,0,0,20,47,65,148,213,33,10,30,57,125,216,.527,.527,,.426,.523,.527,C,tabakza01
31,Eric Montross,0.0,2000-01,29,DETTOR,54,21,0,649,56,138,56,138,0,0,8,31,52,121,173,19,11,26,41,115,120,.406,.406,,.258,.396,.406,C,montrer01
32,Felton Spencer,0.4,2000-01,33,NYK,18,0,0,113,12,20,12,20,0,0,15,25,16,19,35,2,2,2,11,24,39,.600,.600,,.600,.629,.600,C,spencfe01
33,Duane Causwell,0.0,2000-01,32,MIA,31,14,0,384,32,85,32,85,0,0,12,25,23,60,83,5,8,18,23,67,76,.376,.376,,.480,.396,.376,C,causwdu01
34,Soumaila Samake,0.1,2000-01,22,NJN,34,0,0,226,18,48,18,48,0,0,10,24,22,31,53,1,2,14,4,23,46,.375,.375,,.417,.393,.375,C,samakso01
35,Luc Longley,0.0,2000-01,32,NYK,25,2,0,301,18,54,18,54,0,0,13,17,26,40,66,7,3,9,22,51,49,.333,.333,,.765,.399,.333,C,longllu01
36,Jim McIlvaine,0.1,2000-01,28,NJN,18,3,0,193,10,28,10,28,0,0,8,12,8,27,35,4,7,15,9,35,28,.357,.357,,.667,.421,.357,C,mcilvji01
37,Joel Przybilla,0.1,2000-01,21,MIL,33,13,0,270,12,35,12,35,0,0,3,11,29,42,71,2,3,30,13,56,27,.343,.343,,.273,.339,.343,C,przybjo01
38,Dan McClintock,0.0,2000-01,23,DEN,6,1,0,58,9,18,9,18,0,0,0,5,10,7,17,1,0,2,3,11,18,.500,.500,,.000,.446,.500,C,mcclida01
39,Will Perdue,0.3,2000-01,35,POR,13,0,0,58,6,9,6,9,0,0,2,4,6,12,18,2,3,2,0,8,14,.667,.667,,.500,.651,.667,C,perduwi01
40,Mamadou N'Diaye,0.0,2000-01,25,TOR,3,0,0,10,1,4,1,4,0,0,2,2,1,1,2,0,0,0,0,3,4,.250,.250,,1.000,.410,.250,C,ndiayma02
41,Garth Joseph,-0.1,2000-01,27,DENTOR,4,0,0,16,1,5,1,5,0,0,0,2,2,0,2,1,0,1,2,1,2,.200,.200,,.000,.170,.200,C,josepga01
42,John Coker,-0.1,2000-01,29,GSW,6,0,0,32,1,8,1,8,0,0,0,0,3,2,5,2,1,0,2,4,2,.125,.125,,,.125,.125,C,cokerjo01